Samples,g__1_68,g__5_7N15,g__Abiotrophia,g__Acidaminococcus,g__Acinetobacter,g__Actinobacillus,g__Actinomyces,g__Adlercreutzia,g__Aggregatibacter,g__Akkermansia,g__Anaerococcus,g__Anaerofustis,g__Anaerostipes,g__Anaerotruncus,g__Anaerovorax,g__Atopobium,g__Azospira,g__Bacteroides,g__Bifidobacterium,g__Bilophila,g__Blautia,g__Brevundimonas,g__Bulleidia,g__Burkholderia,g__Butyricimonas,g__Butyrivibrio,g__Campylobacter,g__Candidatus Koribacter,g__Capnocytophaga,g__Cardiobacterium,g__Catenibacterium,g__cc_115,g__CF231,g__Christensenella,g__Clostridium,g__Collinsella,g__Comamonas,g__Coprobacillus,g__Coprococcus,g__Corynebacterium,g__Dehalobacterium,g__Delftia,g__Dermatophilus,g__Desulfovibrio,g__Dialister,g__Dorea,g__Dysgonomonas,g__Eggerthella,g__Eikenella,g__Enhydrobacter,g__Enterococcus,g__Epulopiscium,g__Eubacterium,g__Filifactor,g__Finegoldia,g__Fusobacterium,g__Geobacillus,g__Haemophilus,g__Helicobacter,g__Holdemania,g__Kingella,g__Lachnospira,g__Lactobacillus,g__Lactococcus,g__Lautropia,g__Leptotrichia,g__Macrococcus,g__Megamonas,g__Megasphaera,g__Methanobrevibacter,g__Mitsuokella,g__Mogibacterium,g__Moryella,g__Mucispirillum,g__Neisseria,g__Odoribacter,g__Oribacterium,g__Oscillospira,g__Oxalobacter,g__Pandoraea,g__Parabacteroides,g__Paraprevotella,g__Parvimonas,g__Pediococcus,g__Peptococcus,g__Peptoniphilus,g__Peptostreptococcus,g__ph2,g__Phascolarctobacterium,g__Porphyromonas,g__Prevotella,g__Propionicimonas,g__Proteus,g__Pseudomonas,g__Pseudoramibacter_Eubacterium,g__Pyramidobacter,g__rc4_4,g__Rhodoplanes,g__Roseburia,g__Rothia,g__Rubrobacter,g__Ruminococcus,g__Scardovia,g__Schwartzia,g__Sedimentibacter,g__Selenomonas,g__SHD_231,g__Slackia,g__Sphaerochaeta,g__Sphingomonas,g__Staphylococcus,g__Streptococcus,g__Succiniclasticum,g__Succinivibrio,g__Sutterella,g__TG5,g__Turicibacter,g__un_c_BD1_5,g__un_c_TM7_1,g__un_c_TM7_3,g__un_f_Actinomycetaceae,g__un_f_Aeromonadaceae,g__un_f_Barnesiellaceae,g__un_f_Bifidobacteriaceae,g__un_f_Bradyrhizobiaceae,g__un_f_Caulobacteraceae,g__un_f_Christensenellaceae,g__un_f_Clostridiaceae,g__un_f_Coriobacteriaceae,g__un_f_Dehalobacteriaceae,g__un_f_Dermatophilaceae,g__un_f_Desulfovibrionaceae,g__un_f_Dethiosulfovibrionaceae,g__un_f_Elusimicrobiaceae,g__un_f_Enterobacteriaceae,g__un_f_Erysipelotrichaceae,g__un_f_F16,g__un_f_Flavobacteriaceae,g__un_f_Gemellaceae,g__un_f_Ktedonobacteraceae,g__un_f_Lachnospiraceae,g__un_f_Lactobacillaceae,g__un_f_Leuconostocaceae,g__un_f_Methylobacteriaceae,g__un_f_Microbacteriaceae,g__un_f_mitochondria,g__un_f_Mogibacteriaceae,g__un_f_Neisseriaceae,g__un_f_Paraprevotellaceae,g__un_f_Pelagibacteraceae,g__un_f_Peptococcaceae,g__un_f_Phyllobacteriaceae,g__un_f_Porphyromonadaceae,g__un_f_Propionibacteriaceae,g__un_f_Rikenellaceae,g__un_f_Rs_045,g__un_f_Ruminococcaceae,g__un_f_S24_7,g__un_f_S47,g__un_f_Sphingomonadaceae,g__un_f_Succinivibrionaceae,g__un_f_Synergistaceae,g__un_f_Thermogemmatisporaceae,g__un_f_un_o_Clostridiales,g__un_f_un_o_Lactobacillales,g__un_f_Veillonellaceae,g__un_f_Verrucomicrobiaceae,g__un_f_Victivallaceae,g__un_f_Weeksellaceae,g__un_o_Bacteroidales,g__un_o_Blgi18,g__un_o_Clostridiales,g__un_o_CW040,g__un_o_GMD14H09,g__un_o_ML615J_28,g__un_o_RF32,g__un_o_RF39,g__un_o_SHA_98,g__un_o_Stramenopiles,g__un_o_Streptophyta,g__un_o_YS2,g__un_p_SR1,g__Vagococcus,g__Veillonella,g__WAL_1855D,g__YRC22
HBT_12,0,0,0,0,0,0,21,26,0,0,0,0,58,4,0,3,0,3952,2184,4,3438,0,1,7,54,0,0,2,0,0,360,0,0,0,338,250,0,0,8901,0,5,0,0,472,973,1230,0,1,0,0,12,13,396,0,0,340,0,1750,0,4,0,9209,37,0,0,0,0,1279,1,0,364,0,0,0,0,31,0,531,7,0,305,602,0,0,182,0,1,0,6411,0,59458,0,0,0,0,0,0,4,1117,8,0,4788,0,0,0,0,0,22,0,0,0,1169,0,0,1252,0,479,0,2,39,0,0,21,0,2,0,14,2996,31,0,0,0,0,0,4138,50,1,0,7,0,15886,0,0,0,1,0,164,0,0,0,3,0,0,0,121,1,18165,1095,0,0,0,1,2,0,8,0,0,0,0,11,0,821,0,0,0,0,0,0,0,0,0,0,0,1121,0,0
HBT_8,0,0,6,0,0,1,16,11,12,0,0,0,1177,1,1,1,0,8953,2198,112,3051,0,3,1,10,0,1,0,0,0,0,0,0,4,793,313,0,0,9718,1,0,0,0,211,1670,1715,0,0,2,0,1,0,325,0,0,0,0,1282,0,1,0,441,3,0,0,0,0,38436,0,0,0,0,0,0,9,52,3,597,0,0,1398,289,0,0,0,0,1,0,8064,1,19249,0,0,0,0,0,0,0,493,31,0,4351,0,0,0,4,0,8,0,0,0,3884,977,0,231,0,4,0,0,65,1,0,372,0,0,0,10,924,227,0,0,25,0,0,702,177,0,0,22,0,6258,0,0,0,0,0,307,0,0,0,2,0,0,0,387,3,18767,3,0,0,0,4,0,0,32,0,0,0,0,0,0,3013,4,0,0,0,1,0,0,4,0,0,0,1386,0,0
HBV_11,0,0,0,7,0,0,29,191,1,13,0,0,622,79,0,0,0,48967,56,148,3036,0,0,0,229,0,0,0,0,0,0,0,0,0,743,0,0,0,924,1,0,0,0,947,4,642,0,6,0,0,0,0,2,0,3,466,0,22,0,0,0,565,4711,0,0,0,0,238,9,0,0,0,0,0,0,249,1,997,209,0,6819,0,13,0,0,1,0,0,1690,4,82,0,0,0,0,0,0,0,616,13,0,3566,0,0,0,0,0,0,0,0,0,3821,0,0,765,0,2,0,0,8,0,0,867,0,1,0,5,1259,24,0,0,1,0,0,41,101,0,0,12,0,4999,0,0,0,0,1,4,0,0,0,0,0,0,0,1093,0,14403,1,0,0,0,0,0,0,11,0,0,0,0,0,0,1150,0,0,0,0,0,0,0,1,0,0,0,109,0,0
HBV_12,0,0,7,65,0,0,10,0,0,7,0,0,14,55,0,3,0,57914,4,235,1709,0,1,0,734,0,7,0,0,0,0,0,0,0,81,0,0,11,268,4,0,0,0,145,12,144,0,22,0,0,0,0,8,0,2,1,0,10,0,2,0,324,88,0,0,0,0,3,0,0,0,0,1,0,0,48,1,726,0,0,2111,0,0,0,0,6,4,0,3950,0,537,0,0,0,2,2,0,0,3306,44,0,991,0,0,0,1,0,0,0,0,0,1261,0,0,1,0,15,0,0,11,0,0,1,1,0,0,3,413,2,0,0,0,0,0,1555,60,0,0,6,0,4757,0,0,0,0,0,24,0,0,0,0,0,0,0,74,0,1029,1,0,0,0,0,0,0,7,0,0,0,0,0,0,345,2,0,0,0,0,0,0,0,0,0,0,315,0,0
HBV_22,13,0,0,59,0,0,30,0,1,8,13,0,0,4,0,7,0,45712,159,54,902,0,0,0,30,0,13,0,0,0,0,0,3989,1,181,0,0,0,331,0,0,0,0,118,5556,401,0,7,0,0,6,0,77,0,93,1186,0,205,0,6,0,1004,20,0,0,0,0,10,832,0,0,0,0,0,0,108,0,44,2,0,670,820,0,0,0,39,110,27,17,188,2246,0,0,44,1,1,0,0,6668,9,0,1196,0,0,0,0,0,1,0,0,0,387,0,0,6851,0,2,0,0,22,0,0,95,846,0,0,0,1027,131,0,0,19,0,0,172,89,1,0,4,0,6178,0,1,0,0,0,22,0,0,0,0,0,0,0,365,0,7100,357,0,0,0,36,0,0,3,0,0,0,0,0,0,297,0,0,0,0,0,0,0,0,0,0,0,2356,355,144
HBV_46,0,0,0,2,0,19,10,1,0,254,0,0,110,0,0,0,0,13066,109,82,942,0,0,0,48,0,0,0,0,0,0,0,2421,0,111,74,0,0,506,0,0,0,0,0,2,249,0,0,0,0,0,0,358,0,0,1,0,551,0,4,0,194,1,0,0,0,0,38583,0,0,0,1,0,0,1,121,0,90,0,0,674,521,0,0,0,0,0,0,4364,0,21995,0,0,0,0,0,0,0,237,1,0,1682,0,0,0,0,0,0,0,0,0,308,0,0,1100,0,7,0,0,11,0,0,194,0,0,0,2,104,0,0,0,0,0,0,41,63,0,0,1,0,3163,0,0,0,0,0,21,0,0,0,4,0,0,0,115,0,13452,2,0,0,0,0,0,0,3,0,0,0,0,0,0,2945,0,0,0,0,5,0,0,1,0,0,0,105,0,0
HBV_5,0,0,4,183,0,0,38,0,1,1,0,0,95,3,0,32,0,61244,381,127,2907,0,0,0,0,0,4,0,0,1,0,0,4,6,193,13,0,0,261,1,0,0,0,10,5,194,0,9,31,0,0,0,4,0,0,6,0,2488,0,0,0,626,247,0,0,0,0,13,8,0,0,0,1,0,0,0,7,269,0,0,875,1,1,0,0,0,14,0,7925,0,19,0,0,0,4,1,0,0,498,199,0,489,0,1,0,10,0,0,0,0,0,4667,1,0,1802,1,0,0,0,266,0,0,0,0,0,0,0,276,2,0,0,0,0,0,348,107,4,0,128,0,10180,0,0,0,0,1,1,0,0,0,0,0,0,1,935,2,2378,0,0,0,0,23,0,0,54,0,0,0,0,0,0,294,9,0,0,0,0,0,0,11,0,0,0,4884,0,0
HBV_52,0,0,19,0,0,0,243,67,1,29,6,8,1,77,0,15,0,28147,140,317,2857,0,6,0,1235,0,0,0,0,0,0,0,0,79,5,2,0,0,63,28,43,1,0,2199,22,293,0,575,0,0,2860,0,348,0,2,40,2,0,0,27,0,0,1,4,0,0,0,21,1,0,0,0,0,0,1,530,17,1410,26,0,9688,3,4,0,0,9,16,0,1809,1,91,0,0,0,120,10,0,0,3,762,0,7809,4,1,1,2,0,1,0,0,1,8280,0,1,880,0,0,0,0,131,7,0,176,0,0,0,285,858,71,0,0,0,0,0,10645,2561,3,0,97,0,18066,0,0,0,0,0,514,0,0,0,0,0,0,6,1661,3,52046,349,2,0,0,1294,0,0,113,0,0,0,0,0,0,6553,10,0,0,0,0,0,0,2,0,0,0,536,0,0
HBV_56,2,0,1,4315,0,4,13,1,554,49,0,0,36,5,0,2,0,45346,19,203,446,0,0,0,165,0,43,0,0,0,0,0,0,0,3209,0,0,0,88,1,0,0,0,0,14,5146,0,3,6,0,3,0,11,0,0,866,0,8613,0,6,0,8296,0,0,3,0,0,1,2,0,0,0,1,0,0,0,13,654,0,0,790,0,0,0,0,0,5,0,3624,0,17,0,0,0,9,0,0,0,17197,22,0,1606,0,0,0,4,0,0,0,0,0,4758,0,0,4517,0,0,0,0,8,0,0,1,0,0,0,0,406,0,0,0,0,0,0,74,36,0,0,73,0,7104,0,0,0,0,3,5,0,0,0,0,0,0,0,18,0,5247,0,0,0,0,2,0,0,90,0,0,0,0,0,0,94,2,0,0,0,0,0,0,5,0,0,0,1834,4,0
HBV_59,0,0,1,5799,0,0,2,0,0,0,0,0,0,0,0,3,0,34602,2019,260,321,0,0,0,0,0,6,0,0,0,0,0,0,0,18,0,0,0,86,0,0,0,0,1,8,160,0,1,0,0,7,0,2,0,0,15,0,60,0,0,0,9,967,0,0,1,0,2,5264,0,0,0,0,0,0,0,0,458,0,0,5660,0,0,0,0,0,0,0,1,1,13,0,0,0,0,5,0,0,2,1,0,269,2,0,0,1,0,0,0,0,0,1198,0,0,337,1,0,0,0,16,0,0,0,0,0,0,0,146,1,0,0,0,0,0,10668,12,2,0,5,0,868,0,0,0,1,0,0,0,0,0,0,0,0,0,0,1,1124,2,0,0,0,0,0,0,1,0,0,0,0,0,0,1,0,0,0,0,0,0,0,0,0,0,0,26661,0,0
HBV_61,0,0,0,0,0,0,11,13,1,149,0,0,288,5,0,2,0,12807,19,149,850,0,0,0,255,0,0,0,0,0,0,0,0,1,544,59,0,0,1308,1,4,1,0,1126,1295,289,0,0,0,0,0,0,7,0,0,3,0,875,0,7,0,4200,174,0,0,0,0,1573,3,25,0,0,0,0,0,123,1,148,24,0,1560,1981,0,0,0,0,0,0,5638,1,41787,0,0,0,0,0,2,0,1480,7,0,1996,0,0,0,0,0,0,0,0,0,93,0,0,171,0,17,0,0,23,0,0,906,0,0,0,29,8283,78,0,0,0,0,0,5,66,0,0,1,0,15092,0,0,0,0,0,45,0,217,0,0,0,0,1,1822,1,18343,1006,0,0,8,2,0,0,1,0,0,0,0,0,0,7769,0,0,0,0,5,0,0,1,0,0,0,615,1,0
HBV_64,0,0,0,1,0,0,17,1039,9,275,0,0,6,2,2,3,0,12229,2555,13,2092,0,0,0,2,0,2,0,0,0,0,0,0,0,727,0,0,0,1264,0,0,0,0,8,1315,570,0,81,1,0,21,0,0,0,0,20,0,5685,0,0,1,4669,206,2,0,4,0,12150,2040,0,0,0,0,0,1,12,1,166,2,0,41,128,0,0,0,0,0,0,1854,0,17787,0,36,0,0,0,0,0,3618,15,0,3121,0,4,0,25,0,0,0,0,2,740,0,0,672,1,0,0,0,65,0,0,43,0,0,0,10,645,59,0,0,0,0,0,20791,42,1,0,4,0,7363,0,52,0,0,1,6,0,0,0,11,0,0,0,71,11,9404,1846,0,0,0,6,0,0,7,0,0,0,0,0,0,1036,2,0,0,0,0,0,0,6,0,0,0,7827,0,0
HBV_68,0,0,0,0,0,0,36,10,5,0,0,1,71,1,0,17,0,13715,35,30,1296,0,0,0,65,0,6,0,0,0,0,0,0,0,125,1,0,1,666,3,0,0,0,0,1608,617,0,18,1,0,0,0,0,0,0,7,0,242,0,6,0,5205,583,0,1,22,0,5,4,0,0,0,1,0,10,43,3,260,0,0,1010,623,0,0,0,0,0,0,1109,0,44601,0,0,0,0,0,0,0,1520,243,0,3791,0,0,0,30,0,0,0,0,0,4465,0,0,38,0,0,0,0,66,0,0,0,0,0,0,16,216,2,0,0,0,0,0,289,14,0,0,4,0,6105,0,1,0,0,1,5,0,0,0,0,0,0,1,800,4,17948,1,0,0,0,33,0,0,10,0,0,0,0,0,0,1502,4,0,0,0,0,0,0,21,0,0,0,10898,0,0
ZR6_20,0,0,1,0,0,0,2,0,3,5134,0,0,11,19,0,4,0,61478,1316,766,184,0,0,0,588,0,1,0,0,1,0,0,0,1,551,157,0,0,62,5,0,0,0,3192,38,91,0,3,0,0,0,0,3,0,0,7,0,181,0,0,0,13,2,1,0,0,0,1415,19,0,0,0,0,0,0,1879,0,2268,186,0,8020,29,3,0,0,0,0,0,35803,0,38302,0,1,0,0,5,0,0,51,0,0,3279,1,1,0,0,0,7,0,0,0,259,0,0,3298,0,132,0,0,60,1,0,481,0,0,0,8,527,113,0,0,0,0,0,5061,4,2,0,7,0,2387,0,0,0,0,19,31,0,0,0,0,0,0,0,4867,0,8618,4785,0,0,67,2,0,0,7,0,0,0,0,0,0,620,7,0,0,0,0,0,0,103,1,0,0,1264,1,0
N39,0,0,0,32,0,18,9,7,18,12,0,0,405,1,0,1,0,15309,16,43,3516,0,0,0,138,0,19,0,0,1,63,0,0,2,404,97,0,0,1392,0,0,0,0,101,2537,804,0,0,5,0,2795,0,89,0,0,1,0,951,0,0,0,5986,3,0,0,11,0,73,150,0,57,0,0,0,1,1,4,333,1,0,482,1065,0,0,0,0,0,0,4039,3,128027,0,0,0,0,0,0,0,1387,22,0,474,0,0,0,3,0,12,0,0,0,3700,0,0,1316,0,0,0,0,2,0,0,1,0,0,0,0,874,17,0,0,0,0,0,23950,5,0,0,12,0,18309,0,1,0,0,0,10,0,0,0,0,0,0,0,94,0,11642,13,0,0,0,3,0,0,17,0,0,0,0,0,0,1717,1,0,0,0,0,2,0,0,0,0,0,12492,0,0
N41,0,0,0,47,0,0,11,0,0,1158,1,0,1457,7,0,0,0,19253,9,1,6003,0,0,0,10,0,0,0,0,0,0,0,0,4,2165,0,0,1,2709,0,2,0,0,467,68,2810,0,0,0,0,1,22,38,0,0,6,0,6,0,0,0,328,1,0,0,0,0,2228,1059,17,1,0,0,0,0,5,0,826,8,0,1380,1,3,0,0,0,0,0,13122,3,20598,0,0,0,5,1,0,0,114,0,0,3299,0,0,0,0,0,0,0,0,0,60,0,0,256,0,433,0,0,13,0,0,148,0,0,0,35,8560,10,0,0,0,0,0,1998,42,0,0,1,0,8006,0,0,0,0,0,223,0,1,0,11,0,0,1,122,0,22138,157,0,0,0,0,0,0,4,0,0,0,0,0,0,2720,2,0,0,0,0,0,0,0,0,0,0,21,0,0
N42,0,0,0,3,0,0,3,0,0,118,0,0,43,0,0,2,0,16136,122,67,801,0,0,0,9,0,0,0,0,0,0,0,0,0,187,0,1,0,235,0,1,0,0,1,3039,568,0,0,0,0,0,0,1,0,0,0,0,0,0,3,0,10,1,0,0,0,0,38,7,0,0,0,0,0,0,33,1,83,0,0,778,30,0,0,18,0,0,0,4497,1,60931,0,0,0,0,3,0,0,98,1,0,541,0,0,0,0,0,0,0,0,0,13,0,0,3550,0,1,0,0,20,0,0,328,0,0,0,1,80,2,0,0,0,0,0,1661,11,0,0,1,0,3006,0,0,0,0,0,17,0,2,0,0,0,0,0,41,0,4417,14,0,0,0,4,0,0,1,0,0,0,0,0,0,280,0,0,0,0,0,0,0,1,0,0,0,17,0,0
N43,0,0,0,11,0,0,0,0,0,18,0,0,1478,1,0,0,0,19956,13,0,2277,0,0,0,1,0,0,0,0,0,0,0,0,0,456,1,0,0,1786,0,12,0,0,213,1894,1264,0,0,0,0,0,0,6,0,0,0,0,288,0,0,0,396,61,0,0,0,0,132,2117,50,0,0,0,0,0,119,0,342,0,0,1373,2,1,0,0,1,1,0,23384,1,81,0,0,0,5,70,0,0,4402,1,0,2260,0,0,0,0,0,0,0,0,0,76,0,0,2,0,38,0,0,10,0,0,86,0,0,0,29,2331,42,0,0,0,0,0,697,2,0,0,0,0,4897,0,0,0,0,0,27,0,3349,0,0,0,0,0,456,2,5888,1475,0,0,0,14,0,0,12,0,0,0,0,0,0,2916,1,0,0,0,0,14,0,3,0,0,0,158,0,0
N44,0,1,0,0,0,0,0,0,0,1175,0,3,585,1,0,0,0,35440,0,195,2314,0,0,0,15,0,0,0,0,0,0,0,0,4,423,0,18,0,2491,0,33,0,0,2,22,1678,0,0,0,0,0,0,1,0,0,2,0,136,0,2,0,2232,0,0,0,0,0,183,25,0,6,0,0,0,0,73,0,543,2,0,326,548,0,0,0,0,2,0,24479,0,65,0,0,0,0,0,0,0,149,1,0,4562,0,0,0,1,0,0,0,0,0,136,0,0,595,0,4,0,0,22,0,0,84,0,0,0,27,1151,71,3,0,0,0,0,18,33,0,0,2,0,14047,0,0,0,0,0,166,0,0,0,13,0,0,0,96,1,13008,27,0,0,0,3,0,0,1,6,0,0,0,0,0,10130,4,0,0,0,0,1,0,0,258,0,0,399,0,0
N45,0,0,0,1,0,0,0,0,0,3,0,0,6,0,0,0,0,202,6,2,23,0,0,0,2,0,0,0,0,0,0,0,0,0,5,0,0,0,7,0,0,1,0,1,6,7,0,0,0,0,0,0,0,0,0,2,0,13,0,0,0,19,0,0,0,0,0,27,13,0,0,0,0,0,0,0,0,1,0,0,8,1,0,0,0,0,0,0,162,0,15,0,0,0,0,0,0,0,11,0,0,36,0,0,0,0,0,0,0,0,0,1,0,0,4,0,0,0,0,1,0,0,1,0,0,0,0,3,0,0,0,0,0,0,3,2,0,0,0,0,78,0,0,0,0,0,0,0,0,0,0,0,0,0,4,0,95,6,0,0,0,0,0,0,0,0,0,0,0,0,0,15,0,0,0,0,0,0,0,0,2,0,0,11,0,0
N72,1,0,0,0,0,1,2,233,0,651,0,0,202,4,0,1,0,32113,46,438,2109,0,0,0,35,0,0,0,0,0,0,0,0,3,196,597,19,0,1220,0,13,0,0,141,43,387,0,7,0,0,0,0,1,0,0,8,0,96,0,0,0,1640,11,4,0,0,0,16175,26,115,0,0,0,0,0,35,0,413,9,0,1301,1297,0,0,0,0,1,0,5299,1,696,0,0,0,0,5,0,0,1045,1,0,1737,0,0,0,0,0,0,0,0,0,19,0,0,1779,0,8,0,0,11,0,0,1442,0,0,0,71,1941,114,0,0,0,0,0,123,7,0,0,0,0,9592,0,3,2,0,0,83,0,0,0,23,0,0,0,284,1,10163,4,0,0,0,214,0,0,0,0,0,0,0,0,0,3466,1,0,0,0,0,4,0,0,0,0,0,13,0,0
ZR4_12,0,0,23,0,0,0,28,0,1,9167,0,0,1,6,0,19,0,2552,33,187,135,0,1,0,0,0,0,0,0,0,0,0,0,2,1,0,0,0,103,0,0,0,0,14,50,687,0,29,0,0,2,0,23,0,0,40,0,0,0,0,0,1,1,0,0,0,0,0,397,0,0,1,0,0,0,1,1,27,0,0,582,1,0,0,0,0,16,0,2905,0,70,0,0,0,9,0,0,0,6,3,0,2348,1,2,0,28,0,0,0,0,0,101,0,0,36,0,0,0,0,10,0,0,0,68,0,0,1,3,9,0,0,0,0,0,18140,3,1,0,1,0,723,0,0,0,0,0,2,0,0,0,0,0,0,4,1,0,196,1,0,0,0,0,0,0,10,0,0,0,0,0,0,4,0,0,0,0,0,0,0,0,0,0,0,898,0,0
ZR4_14,0,0,0,2831,0,0,5,7,0,5067,0,0,0,0,0,0,0,17344,90,0,730,0,1,0,489,0,10,0,0,0,0,0,0,0,79,0,0,0,82,0,0,0,0,52,186,76,54,8,0,0,61,0,6,0,0,570,0,5,0,0,0,125,8007,0,0,0,0,2,616,0,0,8,0,0,2,1,20,21,0,0,215,2,1,0,0,0,2,0,7,0,7453,0,17,0,3,1159,0,0,6,1,0,457,0,3,0,7,0,0,0,0,0,251,0,0,770,0,1,0,0,14,0,0,0,0,0,0,0,69,5,0,0,0,0,0,6856,4,0,0,0,0,3637,0,0,0,0,0,0,0,0,0,0,0,0,0,1,0,838,2,0,0,0,2,0,0,3,7,0,0,0,1,0,491,6,0,0,0,0,0,0,1,0,0,0,4375,0,0
ZR4_15,1,0,0,4,0,0,8,1,0,19,0,0,87,3,0,1,0,16344,4983,129,1357,0,1,0,122,0,1,0,0,0,0,0,0,9,237,963,0,0,843,0,0,0,0,0,195,651,0,2,0,0,0,0,6,0,0,2,0,7,0,3,0,592,26,0,0,0,0,3,2359,0,0,0,0,0,0,883,0,458,0,0,1716,0,0,0,0,1,1,0,1223,5,7277,0,0,0,3,2,0,0,1607,2,0,1387,0,2,0,0,0,5,0,0,0,66,0,0,564,0,36,0,0,18,1,0,0,1,0,0,12,1976,47,0,0,0,0,0,3805,351,0,0,1,0,3124,0,0,0,0,0,58,0,0,0,0,0,0,0,866,1,7897,0,0,0,0,0,0,0,6,0,0,0,0,0,0,1535,1,0,0,0,0,0,0,0,0,0,0,50,9,0
ZR4_16,0,0,0,14,0,0,11,21,1,86,0,0,168,2,1,4,0,17056,18,109,2228,0,1,0,100,0,0,0,0,0,0,0,0,0,96,52,0,0,2202,0,4,0,0,227,1150,1289,0,0,0,0,2,0,0,0,0,8,0,1223,0,1,0,807,6,60,0,0,0,4,39,0,0,0,1,0,9,273,1,438,7,0,816,0,0,0,0,0,4,0,52,0,3717,0,9,0,0,1,13,0,211,2,0,1944,0,0,0,0,0,1,0,0,0,681,0,0,619,0,0,0,0,24,0,0,787,0,0,0,10,2245,21,0,0,0,0,0,3761,66,2,0,12,0,7502,0,24,0,0,0,158,0,0,0,79,0,0,0,400,1,9643,254,0,0,0,2,0,0,11,0,0,0,0,0,0,2839,3,0,0,0,5,1,0,0,0,0,12,291,0,0
ZR4_19,1,0,1,0,0,0,11,22,0,12,0,0,1,21,0,1,0,18071,821,27,1985,0,1,0,77,0,0,0,0,0,0,0,0,6,396,615,0,8,358,1,0,0,0,51,2,1482,0,57,0,0,556,0,58,0,0,156,0,30,0,1,0,441,0,0,0,0,0,3,32,0,0,1,0,0,0,58,2,1472,1,0,1195,480,0,0,0,0,0,1,5009,6,14,0,41,0,44,24,0,0,283,7,0,2624,0,0,0,2,0,6,0,0,0,51,0,0,229,0,21,0,0,15,0,0,66,0,0,0,0,5358,84,0,0,0,0,0,5736,159,1,0,2,0,5865,0,0,0,0,0,35,0,0,0,0,0,0,1,598,1,5472,1,0,0,0,5,0,0,7,0,0,0,0,0,0,1483,0,0,0,8,0,0,0,0,0,0,0,587,2,0
ZR4_2,0,0,11,0,0,0,45,0,0,22,0,1,0,362,0,1,0,22600,151,171,75,0,0,0,793,0,0,0,0,0,0,0,2,19,3,928,4,0,37,3,0,0,0,1147,9,1084,0,2,0,0,4,2,274,0,0,33518,0,2,0,2,0,2,110,1,0,1,0,8466,76,3,0,1,0,0,1,308,2,324,5,0,4228,0,0,0,2,0,13,0,10150,0,420,0,0,0,140,88,0,0,0,13,0,6371,1,2,0,0,0,26,0,0,0,210,0,0,198,0,0,0,0,14,0,61,0,0,0,0,2,7,45,0,0,172,0,0,4228,12,0,0,8,0,7426,0,10,0,0,0,116,0,0,0,0,0,13,2,2537,0,422,667,0,0,0,9704,0,0,22,0,0,0,0,0,0,56,0,0,0,0,0,1,0,0,0,0,0,6,0,0
ZR4_22,0,0,0,14,0,0,2,11,0,0,0,0,20,100,0,0,0,9399,70,45,505,0,0,0,53,0,1,0,0,0,0,0,0,6,1,0,0,0,120,0,1,0,0,49,176,128,0,0,0,0,0,0,0,0,0,1,0,29,0,2,0,354,30,1,0,0,0,1,0,0,0,0,0,0,0,372,0,170,5,0,795,2202,0,0,0,0,0,0,3660,1,25161,0,0,0,0,0,0,0,360,5,0,1185,0,1,0,0,0,0,0,0,0,59,0,0,371,1,5,0,0,2,0,0,1,0,0,0,31,59,6,0,0,0,0,0,414,36,0,0,0,0,2607,0,2,0,0,0,4,0,0,0,15,0,0,0,34,0,1582,0,0,0,0,0,0,0,0,0,0,0,0,0,0,849,0,0,0,61,3,1,0,89,0,0,0,57,0,0
ZR4_23,0,0,0,4,0,0,2,54,0,18,0,0,99,2,0,1,0,6871,898,14,2747,0,1,0,11,0,1,0,0,0,0,0,0,4,116,1306,0,0,1788,0,0,0,0,59,272,659,0,16,0,0,2,0,0,0,0,1,0,3,0,0,0,800,1145,0,0,0,0,4,1,0,0,4,0,0,0,215,0,319,0,0,783,12,2,0,0,0,3,0,3194,0,4356,0,0,0,1,0,0,0,210,2,0,6920,0,3,0,0,0,2,0,0,1,1201,0,0,264,0,30,0,0,12,0,0,68,0,0,0,27,559,118,0,0,0,0,0,4485,335,1,0,3,0,2944,0,0,0,0,0,85,0,0,0,0,0,0,0,409,0,8495,0,0,0,0,0,0,0,8,0,0,0,0,0,0,857,0,0,0,0,0,0,0,1,0,0,0,886,0,0
ZR4_26,0,0,0,1,0,1,6,0,49,11127,0,0,0,0,0,8,0,22311,57,104,541,0,1,0,0,0,2,0,0,2,0,0,0,0,1,226,0,6,4,0,0,0,0,47,158,755,0,97,12,0,1,0,9,0,0,310,0,366,0,1,0,5,10,0,0,32,0,8,20,0,0,0,0,0,0,3,0,360,0,0,2185,0,9,0,0,0,105,0,3401,29,29,0,80,0,3,127,0,0,3,1,0,1988,0,0,0,1,0,0,0,0,0,74,0,0,122,0,0,0,0,8,0,0,0,0,1,0,0,64,0,0,0,0,0,0,5305,84,0,0,15,0,1650,0,1,0,0,0,2,0,0,0,0,0,0,0,20,2,318,0,0,0,0,127,0,0,9,0,0,0,0,0,0,74,1,0,0,0,0,0,0,0,0,0,0,402,0,0
ZR4_27,0,0,0,1,0,0,11,0,0,23,0,0,4,0,0,0,0,18334,5,0,2367,0,0,0,0,0,0,0,0,0,0,0,0,0,1,29,0,0,185,2,0,0,0,0,4,627,0,0,0,0,2,0,3,0,0,577,0,301,136,0,0,5018,36,0,0,0,0,30177,0,0,0,0,0,0,0,40,0,50,0,0,742,2,0,0,0,0,0,0,858,0,25,0,2,0,0,0,0,0,1,1,0,3533,0,0,0,1,0,0,0,0,0,21,0,0,332,0,35,0,0,20,0,0,0,0,0,0,0,367,2,0,0,0,0,0,1002,16,0,0,0,0,2720,0,0,0,0,0,2,0,0,0,0,0,0,0,21,0,650,1,0,0,0,0,0,0,5,0,0,0,0,0,0,12,1,0,0,1,0,0,0,0,0,0,0,2842,0,0
ZR4_28,0,0,6,0,0,13,29,0,5,10,0,0,6,0,1,12,0,37400,2,0,4388,0,0,0,186,0,1,0,0,0,0,0,0,0,3,0,0,0,35,0,0,0,0,0,0,1321,0,0,2,1,0,0,9,0,0,5,0,89,0,0,0,18,1,0,0,0,0,13,3,0,0,0,1,0,5,511,5,193,0,0,940,1054,3,0,0,0,6,0,13,0,180,0,0,0,0,0,0,0,0,10,0,332,0,0,0,10,0,0,0,0,0,510,0,0,0,0,0,0,0,20,0,0,13,0,0,0,0,7,0,0,0,0,0,0,162,215,6,0,97,0,5618,0,0,0,0,0,1,0,0,0,0,0,0,2,50,0,567,269,0,0,0,0,0,0,28,0,0,0,0,0,0,126,3,0,0,0,0,0,0,0,0,0,0,987,0,0
ZR4_30,0,0,0,0,5,4,4,34,21,6,0,0,290,0,0,0,0,11250,1,4,552,0,0,0,8,0,1,0,1,0,0,0,0,1,64,2,0,0,189,0,0,0,0,0,2059,68,0,2,1,0,2,0,0,0,0,2,0,741,0,0,0,2797,364,0,0,0,0,3,2,0,0,0,0,0,9,237,0,104,0,0,164,3271,0,0,0,0,0,0,7893,1,19713,0,1,0,0,0,0,0,884,6,0,1996,0,0,0,2,0,0,0,0,0,146,0,0,1855,0,7,0,0,30,0,0,14,0,0,0,1,23,47,0,0,0,0,0,143,16,1,0,1,0,6609,0,0,0,0,14,8,0,0,0,19,0,0,0,78,0,6274,64,0,0,0,6,0,0,3,0,0,0,0,0,0,1524,1,0,0,0,0,0,0,68,0,0,0,418,0,0
ZR4_31,0,0,1,187,0,0,27,1,23,156,0,0,0,0,1,31,0,64843,15,2,723,0,2,0,0,0,14,0,0,0,0,0,0,0,0,193,0,0,568,4,0,0,0,152,696,745,0,11,0,0,0,0,30,0,0,1847,0,58,0,0,0,169,404,0,2,8,0,2971,562,0,0,0,0,0,2,1098,27,1003,38,0,1990,7,22,0,0,0,26,0,15,2,90,0,0,0,1,730,0,0,3,5,0,833,0,42,0,53,0,1,1,0,0,1580,0,0,765,5,0,0,0,64,0,0,0,0,0,0,0,41,3,0,0,0,0,0,80,6,4,0,24,0,4934,0,0,0,0,0,3,0,0,0,0,0,0,0,0,4,485,0,0,0,0,2,0,0,60,285,0,0,0,1,0,335,4,0,0,0,0,0,0,4,0,0,0,17043,0,0
ZR4_33,0,0,0,1,1,0,26,2,7,68,0,0,3,0,0,42,0,13367,7,4,45,0,5,0,9,0,95,0,0,0,0,0,1,0,7,11,0,0,20,0,0,0,0,9,51,13,0,2,65,0,6,0,5,0,0,489,0,4191,0,0,0,45,211,2,1,404,0,47,0,0,0,0,160,0,11,6,101,12,1,0,180,2,0,0,0,0,34,0,111,0,12931,0,0,1,0,1,0,0,5,37,0,82,1,5,0,239,0,0,0,0,1,3020,0,0,22,5,1,0,0,6,0,0,2,0,0,0,0,13,11,0,0,0,0,0,33048,35,1,0,63,0,190,0,1,0,0,0,6,0,0,0,1,0,0,3,19,4,1170,27,0,0,1,0,0,0,186,2,0,0,2,1,0,37,0,0,0,0,0,0,0,0,3,0,0,16772,0,0
ZR4_35,0,0,0,239,0,2,8,51,1,3,0,0,8,0,0,0,0,6536,2706,93,957,0,17,0,188,0,1,0,0,0,0,0,0,0,43,3146,0,1,3112,0,5,0,0,64,1,275,0,0,0,0,1,1,93,0,0,2,0,87,0,1,0,5744,313,0,0,2,0,7,1374,9,0,0,0,0,1,103,0,170,128,0,263,542,0,0,0,0,0,0,2189,0,35748,0,0,0,0,4,0,0,351,3,0,2047,0,0,0,1,0,34,0,0,0,114,0,0,830,0,2,0,0,12,0,0,131,0,0,0,184,373,165,0,0,27,0,0,585,108,1,0,1,0,8656,0,0,0,0,0,31,0,66,0,3,0,0,0,84,1,13735,2447,0,0,0,0,0,0,1,0,0,1,0,1,0,456,2,187,0,0,0,0,0,0,0,0,0,68,0,0
ZR4_36,0,0,0,1,0,0,53,196,1,9,0,0,49,13,0,6,0,69461,1302,3,1440,0,3,0,26,0,6,0,0,1,0,0,0,0,642,638,0,0,1558,0,0,0,0,2,12,876,0,28,0,0,0,0,3,0,1,46,0,4918,0,3,0,1342,10,1,0,0,0,4,12,0,0,0,0,0,0,28,1,265,0,0,805,3,5,0,0,0,0,0,1164,2,189,0,0,0,0,0,0,0,8610,24,0,10239,0,0,0,5,0,0,0,0,0,488,0,0,3826,1,2,0,0,235,1,0,561,0,0,0,0,955,135,0,0,0,0,0,1157,715,5,0,2,0,14671,0,0,0,0,0,30,0,1,0,0,0,0,1,1430,3,17570,2,0,0,1,0,0,0,5,1,0,0,0,0,0,715,6,0,0,0,0,0,0,0,0,0,0,3395,0,0
ZR4_38,4,0,119,64,1,13,943,2,9,14,5,0,1,0,0,368,0,930,33,2,30,0,78,0,0,4,41,0,2,1,0,0,0,0,92,10,0,0,13,5,0,0,0,7,81,86,1,0,0,0,1,0,0,0,7,1575,0,696,0,0,0,41,58,0,5,626,0,4,412,0,13,2,30,0,10,2,316,7,1,0,19,49,3,0,0,2,104,0,111,1,548,0,3,0,1,3,0,0,26,150,0,187,18,18,0,161,1,11,0,0,0,2540,0,0,28,0,0,0,0,1492,8,0,4,1,0,0,2,492,54,0,0,0,0,0,215403,21,76,0,52,0,430,0,0,0,0,4,36,401,0,0,0,0,0,10,5,112,255,0,0,0,0,1,0,0,595,36,0,0,0,0,0,62,1,0,0,0,0,0,0,0,0,4,0,11903,0,0
ZR4_39,0,0,3,3,0,0,68,0,2,2329,1,0,1,24,0,25,0,32652,107,591,1158,0,3,0,114,0,19,0,0,1,0,0,0,0,629,176,0,1,96,0,0,0,0,350,5,2980,0,135,4,0,51,7,13,0,0,20672,0,192,0,16,0,579,609,1,1,0,0,331,9,0,0,1,0,0,0,1,5,443,0,0,3175,1,4,0,0,0,109,0,12042,3,7663,0,0,0,15,2,0,0,62,45,0,5398,2,0,3,6,0,2,0,0,0,2556,0,0,1938,0,0,0,0,33,1,0,0,0,0,0,18,343,9,0,0,0,0,0,59115,119,1,0,25,0,1842,0,6,0,0,0,82,0,0,0,14,0,0,2,173,1,11065,319,0,0,0,145,0,0,40,1,0,0,0,0,0,768,1,0,0,0,0,0,0,0,0,0,0,5100,1,0
ZR4_41,0,0,0,0,0,0,53,0,664,13,0,0,4,0,0,12,0,51031,14,1,796,0,3,0,1,0,52,0,0,0,0,0,0,0,876,1,0,0,121,38,0,0,0,0,15,2408,0,3,16,0,0,0,0,0,0,3426,0,10343,1,7,1,8344,3,0,0,17,0,2069,21,0,0,0,1,0,29,4,2,11,0,0,352,75,0,0,0,0,0,0,208,0,50,0,0,0,0,0,0,0,6,102,0,1109,0,1,0,45,0,0,0,0,0,2318,0,0,168,2,0,0,0,140,0,0,1,1,0,0,1,300,0,0,0,0,0,0,9533,171,12,0,178,0,5035,0,0,0,0,0,0,0,0,0,0,0,0,0,2,4,10509,1,0,0,0,0,0,0,110,2,0,0,0,0,4,241,11,0,0,0,0,0,0,1,0,0,0,21225,0,0
ZR4_44,0,0,17,8,0,0,55,43,0,5,0,0,362,4,2,4,0,30078,11,190,9798,3,2,0,0,0,3,0,0,0,0,103,0,0,964,1005,0,0,1943,0,0,0,33,0,0,13053,0,27,0,0,0,1,0,0,1,1,0,470,0,10,1,3515,1668,1,0,0,4,1207,1,0,0,0,1,0,1,2,7,649,9,0,1936,0,1,0,0,0,12,0,3135,1,28016,5,0,0,0,0,0,0,8338,123,0,8970,0,0,0,0,0,0,0,0,0,5685,0,0,1,0,0,0,0,11,0,0,0,0,0,5,0,141,2,0,0,0,0,0,280,174,4,0,47,0,11775,0,9,0,5,0,19,0,210,0,0,7,0,1,74,0,10184,14,0,4,0,1,0,0,100,0,0,0,0,0,0,1216,6,0,0,0,0,0,2,0,0,0,0,65,0,0
ZR4_45,0,0,0,0,0,0,9,0,0,26340,2,0,110,20,0,1,0,12358,1132,167,6744,0,0,0,22,0,0,0,0,0,0,3,0,1,224,0,0,0,2479,1,9,0,0,0,1,751,0,324,0,0,0,0,11,0,0,1,0,42,0,2,0,111,435,18,0,0,1,3044,0,0,0,0,0,0,0,100,0,395,23,0,390,0,3,0,0,0,1,1,2407,2,1,0,0,0,0,0,5,0,334,3,0,6607,1,0,0,0,0,0,0,0,0,189,0,0,700,0,0,0,0,20,0,0,587,0,0,0,8,627,16,0,0,0,0,0,49,149,0,0,0,0,13563,7,0,0,0,10,72,0,0,0,3,0,0,0,1363,5,13178,0,0,0,0,0,0,0,1,0,0,0,0,0,0,2380,1,0,0,9,0,0,0,30,10,0,0,230,1,0
ZR4_46,0,0,0,45,0,0,10,15,0,2,0,0,141,3,0,0,0,34844,271,124,1319,0,0,0,47,0,12,0,0,0,0,0,0,0,22,1,1,1,939,0,1,0,0,1,39,349,0,15,0,0,0,1,1,0,0,47,0,7,0,0,0,3110,24,0,0,0,0,2,155,0,0,0,0,0,0,122,0,484,10,0,942,198,27,0,0,0,5,0,2737,0,8,0,0,3,0,73,0,0,4239,8,0,2072,1,0,0,1,0,0,0,0,0,424,0,0,1929,0,43,0,0,15,0,0,249,0,0,0,61,2660,57,0,0,0,0,0,13686,52,2,0,2,0,11214,0,0,0,0,0,23,0,0,0,32,0,0,0,337,1,14152,0,0,0,0,0,0,0,6,0,0,0,0,0,0,333,2,0,0,0,0,0,0,2,0,0,0,2226,0,0
ZR4_52,0,0,0,3,0,0,6,20,15,2,0,0,15,0,0,2,0,5476,315,50,1197,0,1,0,78,0,2,0,0,0,0,0,0,0,715,440,0,0,922,0,1,0,0,6,1532,150,0,6,0,0,16,0,0,0,0,106,0,218,0,0,0,283,8,0,1,5,0,9,1403,0,352,0,2,0,5,171,1,170,6,0,399,200,0,0,3,0,1,0,1136,0,41719,0,0,0,1,0,0,0,81,8,0,261,0,0,0,38,0,0,0,0,0,269,0,0,1089,0,6,0,0,9,0,0,171,0,0,0,7,108,51,0,0,1,0,0,4451,38,0,0,0,0,2279,0,0,0,0,0,12,0,72,0,0,0,0,0,118,0,5010,745,0,0,0,9,0,0,1,58,0,0,0,0,0,237,0,0,0,0,0,0,0,0,16,0,0,4779,0,0
ZR4_53,0,0,0,86,0,0,4,75,0,1,0,0,411,1,0,0,0,5536,1386,60,2797,0,0,0,254,0,0,0,0,0,0,0,0,1,605,887,0,0,5016,0,0,0,0,86,2597,460,0,3,0,0,0,0,247,0,0,20,0,7,0,0,0,167,0,0,0,0,0,3294,3,2,0,0,0,0,0,296,0,250,2,0,1144,448,0,1,0,1,0,0,7,0,45572,0,0,0,1,3,0,0,89,0,0,1179,0,0,0,0,0,60,0,0,0,236,0,0,265,0,51,0,0,6,0,0,794,0,0,0,5,683,69,0,0,0,0,0,347,136,0,0,2,0,3337,0,0,0,0,0,231,0,0,0,3,0,0,1,1923,0,13428,0,0,0,0,0,0,0,9,0,0,0,0,0,0,536,0,0,0,0,0,0,0,1,0,0,0,8,3,0
ZR4_54,0,0,0,1,0,0,3,99,0,8,0,0,195,8,0,0,0,19142,25,18,1382,0,0,0,246,0,0,0,0,0,0,0,0,5,827,186,1,0,1712,0,13,0,0,22,635,551,0,1,0,0,2,0,4,0,0,3,0,17,0,1,0,654,25,0,0,0,0,11,3,1,2,0,0,0,0,277,0,187,0,0,577,595,0,0,0,0,0,0,381,0,338,0,0,0,1,0,0,0,1347,1,0,4939,0,0,0,0,0,0,0,0,0,16,0,0,113,0,109,0,0,4,0,0,374,0,0,0,79,1262,239,1,0,0,0,0,113,316,0,0,0,0,9013,0,2,0,0,0,54,0,0,0,12,0,0,0,390,0,8019,1069,0,0,0,18,0,0,0,0,0,0,0,0,0,2163,1,0,0,0,1,6,0,0,400,0,0,22,0,0
ZR4_55,50,0,111,0,0,0,337,1,0,4877,6,9,6,2,8,40,0,5341,6899,1,3291,0,8,0,2,0,0,0,0,0,0,0,0,22,1286,10148,0,0,1171,247,0,0,0,0,36,8416,0,1101,0,0,22,0,946,0,4,169,0,2,0,5,0,3,11601,0,0,1,0,478,4,0,0,3,0,0,1,16,10,3444,0,0,298,1,26,0,0,18,117,0,2021,53,130,0,0,0,205,9,0,0,18,56,0,11032,5,0,0,0,0,8,0,0,8,5405,0,0,1125,0,0,0,0,70,2,0,1,27,0,0,1,1862,266,0,0,0,0,0,35826,674,8,0,111,0,3926,0,14,0,0,0,147,0,0,0,0,0,0,32,365,5,3045,3,0,0,0,2,0,0,155,0,0,0,0,4,0,261,18,0,0,0,0,0,0,0,0,0,0,732,17,0
ZR4_57,0,0,0,204,0,0,78,317,1,325,0,1,272,20,0,9,0,27005,308,90,4388,0,1,0,566,0,0,0,0,0,0,3,0,7,173,0,0,4,2372,1,0,0,0,824,3132,938,0,180,0,0,32,0,12,0,2,17,0,80,0,6,0,233,3203,0,0,0,0,0,83,0,0,15,0,0,0,112,2,1643,30,0,1152,0,2,0,0,1,67,0,1,1,89,0,1,0,1,31,0,0,1012,3,0,13927,0,0,0,0,0,0,0,0,0,1754,0,0,343,0,3,0,0,57,2,0,1,0,0,0,22,1207,118,0,0,0,0,0,18230,258,1,0,11,0,7458,0,2,0,0,0,234,0,0,0,0,0,0,1,1122,1,18310,4431,0,0,0,7,0,0,11,0,0,0,0,0,0,3143,0,0,0,0,0,0,0,3,0,0,0,2989,0,0
ZR4_59,0,0,104,2,0,0,103,18,6,4,0,2,0,0,1,18,0,5830,7925,304,7359,0,1,0,7,0,1,0,0,0,0,0,0,11,414,5871,0,0,7978,8,0,0,0,154,11,4379,0,160,3,0,2,0,28,0,0,96,0,696,0,0,0,1083,9,0,0,0,0,2,74,1,0,0,0,0,0,0,28,110,1,0,740,1,5,0,0,0,3,0,712,1,120,0,0,1,11,0,0,0,87,109,0,1855,0,1,0,6,0,4,0,0,2,6926,0,0,9,0,0,0,0,141,0,0,0,0,0,0,1,81,245,0,0,0,0,0,1241,434,6,0,210,0,3999,0,0,0,0,0,8,0,0,0,0,0,0,2,6,0,836,23,0,0,0,0,0,0,139,0,0,0,0,0,0,2176,4,2,0,0,0,0,0,2,0,0,0,897,0,0
ZR4_63,0,0,1289,0,0,36,14,0,4,25,0,0,1,0,0,1,0,103934,8,2,46,0,0,13,1,0,23,0,0,3,0,0,0,0,12,3,0,0,11,1,0,0,0,0,5,120,0,0,1107,0,8087,0,0,0,0,98,0,52,0,0,0,6,7,0,820,5,0,10,0,1,0,0,0,0,32,0,35,12,0,0,16,0,0,0,0,0,2,0,98,0,1468,0,0,0,0,0,0,0,6,36,0,233,49,2,0,0,3,0,0,0,0,2349,0,0,17,0,0,0,0,86,4,0,0,0,0,0,0,22,2,0,3,0,0,0,357,0,0,0,2,0,114,0,0,0,1,10,0,0,0,0,0,0,0,5,1,1,154,2,0,0,0,0,0,0,1820,0,0,0,3,3,0,12,0,0,0,0,0,0,0,51,0,0,0,197,0,0
ZR4_67,0,34,0,1776,0,0,0,20,0,51,0,0,13,4,0,0,39,9383,1988,114,598,0,0,0,640,0,0,0,0,0,0,0,0,0,466,849,0,0,385,1,13,0,0,6,682,246,0,0,0,0,0,0,29,0,0,5,0,4,1,1,0,79,364,0,0,0,0,94,3741,39,0,0,0,0,0,1045,0,342,26,0,794,0,1,0,0,0,0,0,389,0,32199,0,0,0,3,1,0,0,25,1,0,966,0,0,0,0,0,0,5,0,0,86,0,0,886,0,0,0,0,4,0,0,891,0,0,0,347,63,323,0,0,0,0,0,7765,1,0,0,2,0,6037,0,0,0,0,0,47,0,0,0,23,0,0,0,281,0,8760,7,0,0,0,2,0,0,6,0,0,25,0,0,0,4149,0,0,0,0,0,115,0,0,0,0,0,119,0,0
ZR4_68,0,0,1,3,0,0,1,128,0,16,0,0,217,3,0,1,0,21622,24,36,1401,0,2,0,323,0,0,0,0,0,0,0,0,5,946,193,0,0,1740,0,17,1,0,43,926,623,0,0,0,0,14,0,0,0,0,2,0,22,0,4,0,649,9,0,0,0,0,7,7,1,3,0,0,0,0,434,0,250,6,0,802,777,0,0,0,0,0,0,437,0,329,0,0,0,0,0,0,0,1367,0,0,5331,0,0,0,0,0,0,0,0,0,20,0,0,147,0,200,0,0,4,1,0,506,0,0,0,106,1487,255,6,0,0,0,0,82,667,0,0,0,0,8861,0,1,0,0,0,78,0,0,0,13,0,0,0,558,1,9128,1459,0,0,0,16,0,0,0,10,0,0,0,0,0,2546,0,0,3,0,7,10,0,0,503,0,0,16,0,0
ZR4_69,0,0,0,3941,0,0,15,1,7,11,0,0,166,0,1,12,1,7464,915,79,621,0,0,0,2,0,48,0,0,0,0,0,0,1,338,291,0,0,85,0,0,8,0,163,390,374,265,5,0,0,3,0,95,0,0,71,0,534,0,3,0,1327,500,3,0,11,0,46,21142,0,289,0,0,0,0,3,3,613,0,0,25,1,0,0,0,0,0,0,202,0,651,0,36,1,0,12,0,0,1070,2,2,1975,0,5,0,18,0,1,0,0,2,838,0,0,3828,0,2,0,0,63,1,0,22,0,0,0,0,220,4,0,0,0,0,0,4997,69,14,0,1,0,3948,0,52,0,0,0,6,0,0,0,0,0,0,0,40,0,8885,89,0,0,0,3,0,0,1,4,0,0,0,0,0,266,10,0,0,0,0,0,0,6,0,0,0,13184,0,0
ZR4_76,0,0,0,0,0,0,64,1,3,1,0,6,0,0,0,6,0,68633,482,0,1248,0,1,0,2,0,18,0,0,0,0,0,1,0,606,1,0,0,450,6,0,0,0,0,62,370,0,185,0,0,0,0,10,0,0,65,0,4600,0,0,0,3,12,0,0,0,0,0,16,0,1,0,0,0,1,1,2,2777,0,0,6494,0,1,0,0,0,0,0,4,1,115,0,0,6,0,0,0,0,0,18,0,2816,0,0,0,3,0,0,0,0,0,290,0,0,3,0,197,0,0,98,1,0,1,0,0,0,0,10550,5,0,0,0,0,0,7854,18,1,0,6,0,3691,0,0,0,0,1,10,0,0,0,0,0,0,0,0,4,413,6,0,0,0,0,0,0,12,0,0,0,0,1,0,39,11,0,0,0,0,0,0,1,0,0,0,25270,0,0
ZR4_77,0,0,0,0,0,0,19,0,0,4,0,0,111,0,0,5,0,114700,4,1,4268,0,1,0,0,0,1,0,0,0,0,0,0,0,3,2,0,0,303,0,0,0,0,0,6,204,0,0,0,0,0,0,2,0,0,2,0,21,0,0,0,0,9,0,0,0,0,9,1,0,0,0,0,0,0,0,0,2512,0,0,1,0,0,0,0,0,0,0,1,1,89,0,0,0,0,1,0,0,2258,1,0,8549,0,0,0,1,0,0,0,0,0,26,0,0,8120,0,0,0,0,59,1,0,1,1,0,0,0,2,0,0,0,0,0,0,7,2,2,0,2,0,17490,0,0,0,0,105,0,0,0,0,0,0,0,0,6,6,283,0,0,0,1524,0,0,0,1,0,0,0,0,0,0,1247,5,0,0,0,0,0,0,1223,0,0,0,45,0,0
ZR4_79,0,0,3,48,3,0,51,25,0,798,0,1,142,5,1,4,0,27726,61,183,2482,0,0,0,287,0,1,0,0,0,0,1,1,0,191,507,0,0,2047,12,0,0,0,364,2953,847,0,3,0,0,1,0,3,0,0,168,0,34,0,0,0,1252,90,0,1,0,0,5820,1,0,0,0,0,0,0,125,0,176,0,0,895,1,0,0,0,0,1,0,135,0,46154,0,0,0,0,1,0,0,278,39,0,4067,0,0,0,0,0,2,0,0,0,120,0,0,1582,0,47,0,3,65,0,0,28,0,0,0,10,3325,34,0,0,12,0,0,376,81,1,0,3,0,5784,0,1,0,0,0,25,0,0,0,2,0,0,0,157,3,14235,1618,0,0,2,0,0,0,2,0,0,0,0,0,0,1871,0,0,0,0,1,1,0,1,0,0,0,53,0,0
ZR4_81,0,0,0,0,0,0,2,1,1,737,0,0,27,21,0,0,0,43806,721,87,703,0,0,0,288,0,1,0,0,0,0,0,0,1,107,0,0,0,403,0,0,0,0,1,709,96,0,594,0,0,3,0,2,0,0,8,0,21,0,1,0,1404,4,3,0,1,0,15348,3,0,0,0,0,0,0,167,0,442,11,0,507,0,0,0,0,0,0,0,598,0,13,0,0,0,0,2,0,0,430,1,0,730,0,0,0,0,0,0,0,0,0,19,0,0,679,0,8,0,0,7,0,0,6,0,0,0,1,71,31,0,0,0,0,0,3670,22,0,0,0,0,12002,1,1,0,0,0,65,0,0,0,0,0,0,0,524,0,10308,0,0,0,0,24,0,0,2,0,0,0,0,0,0,323,0,0,0,0,0,0,0,1,0,0,0,31,0,0
ZR4_82,0,0,0,1,0,0,26,58,0,28,0,1,28,44,0,5,0,8837,162,19,4040,0,1,0,486,0,1,0,0,0,0,0,0,10,663,1712,0,0,2408,0,7,0,0,33,7568,972,0,0,0,0,962,1,30,0,0,3,0,117,0,5,0,789,13,688,0,0,0,11,1,0,0,0,0,0,0,561,6,623,37,0,2031,1111,0,33,685,0,1,0,333,1,11175,0,0,0,7,0,0,0,211,7,0,2387,0,0,0,1,0,3,0,0,0,559,0,0,92,0,0,0,0,14,0,1,30,0,0,0,47,32,815,0,0,119,0,0,18221,115,1,0,1,0,6386,5,909,0,0,0,567,0,2,0,2,0,0,0,765,0,11864,4047,0,0,0,9,0,0,1,0,0,0,0,4,0,1276,2,0,0,1,5,0,0,13,0,0,0,79,0,0
ZR4_84,0,0,0,0,0,0,15,28,0,0,0,0,597,2,0,2,0,60753,77,106,1812,0,0,0,241,0,0,0,0,0,0,0,0,1,360,163,0,0,684,3,0,0,0,1,8,273,0,29,0,0,1,0,181,0,0,0,0,18,0,6,0,815,2,0,0,0,0,16,0,0,0,0,0,0,0,599,0,219,1,0,1367,1,0,0,0,0,2,0,13466,1,82,0,1,0,0,0,0,0,202,2,0,2161,0,0,0,0,0,0,0,0,0,33,0,0,466,0,0,0,0,30,0,0,632,0,0,0,1,737,7,0,0,0,0,0,2570,141,0,0,0,0,4376,0,3,0,0,0,48,0,4137,0,1,0,0,0,282,0,23394,3,0,0,0,1,0,0,8,0,0,0,0,1,0,4776,0,0,0,50,0,0,0,0,0,0,0,38,0,0
ZR4_89,0,0,0,0,0,0,1,0,0,236,0,0,195,2,0,1,0,4626,45,28,1779,0,0,0,53,0,0,0,0,0,0,0,0,3,517,2176,0,1,2436,0,0,0,0,0,3619,216,0,21,0,0,1,0,0,0,0,0,0,44,0,6,0,517,61,1,0,0,0,1494,0,7,0,0,0,0,0,162,0,381,16,0,1375,511,0,0,0,0,0,0,92,2,30412,0,0,0,4,7,0,0,429,0,0,1243,0,0,0,0,0,0,0,0,0,48,0,0,113,0,367,0,0,3,0,0,0,0,0,0,4,1383,81,0,0,0,0,0,74,51,0,0,0,0,4063,0,0,0,0,0,36,0,0,0,0,0,0,0,640,0,11762,2,0,0,0,1,0,0,0,1894,0,0,0,0,0,1335,0,0,0,0,0,0,0,1,0,0,0,18,0,0
ZR7_1,0,0,0,261,0,115,1,0,6,11,0,0,30,1,0,6,0,29099,8,287,69,0,0,0,94,0,13,0,1,13,0,0,0,0,57,0,0,0,5,0,0,1,0,0,25,216,0,0,12,0,0,0,5,0,0,466,0,3130,0,0,0,292,26,0,0,2,0,0,11,0,0,0,1,0,1,0,18,227,0,0,4903,0,0,0,0,0,2,0,6709,0,12,0,0,0,0,45,0,0,2765,1,1,5271,0,0,0,34,0,1,0,0,2,1769,0,0,83,41,2,0,0,25,0,2,0,0,0,0,0,2022,0,0,0,0,0,0,12831,4,1,0,6,0,1707,1,0,0,0,1,0,0,0,0,0,0,0,1,795,0,4948,1,0,0,16,0,0,0,12,0,0,0,0,13,0,1190,4,0,0,0,0,0,0,2,0,0,0,17755,0,0
ZR7_11,0,0,0,1,0,0,0,0,0,87,0,0,0,0,0,0,0,99725,0,634,109,0,0,0,0,0,1,0,0,0,0,0,0,0,75,0,0,3,127,0,0,0,0,31,0,470,0,5,0,0,6,2,9,0,1,1148,0,1,0,3,0,0,0,0,0,0,0,254,0,0,0,0,0,0,0,1066,0,1071,2,0,3175,0,0,0,0,0,0,0,5984,0,10,0,0,0,3,4,0,0,1,0,0,952,0,0,0,0,0,0,0,0,0,10,0,0,863,0,22,0,0,2,0,0,0,0,0,0,0,1004,0,0,0,0,0,0,23664,64,0,0,0,0,4705,0,0,0,0,0,3,0,0,0,0,0,0,0,7,0,3244,0,0,0,0,2,0,0,4,0,0,0,0,0,0,1245,0,0,0,0,0,0,0,0,0,0,0,52,0,0
ZR7_12,0,0,0,0,0,0,81,0,1,0,1,0,0,0,0,2,0,4780,1,0,0,0,0,0,0,2,5408,0,45,2,0,0,0,0,0,0,0,0,0,0,0,0,0,0,8,8578,0,0,586,0,0,0,9,0,0,14233,0,11,0,0,0,1,510,0,4,2362,0,3,0,0,0,0,5,0,68,0,658,0,0,0,0,0,0,0,0,0,0,0,11,15,2906,0,0,0,2,4,0,0,2,13,0,35154,0,0,0,221,0,0,0,0,0,3021,0,0,112,2,0,0,0,0,0,0,0,0,0,0,0,0,0,0,0,0,0,0,38291,63,0,0,451,0,1151,0,0,0,0,0,16,0,0,0,0,0,0,2,0,1,0,0,0,0,0,0,0,0,69,1,0,0,34,1,0,5,0,0,0,0,0,0,0,11,0,0,0,50207,0,0
ZR7_13,0,0,0,0,0,0,641,0,210,0,0,0,0,0,0,43,0,1954,0,0,0,0,43,0,0,0,98,0,0,2,0,0,0,0,1,0,0,0,0,0,0,0,0,0,27,0,0,0,294,0,1,0,0,24,2,3187,0,99107,0,0,40,0,6,0,0,0,0,0,0,0,0,0,7,0,52,0,192,1,0,0,4,0,7,0,0,1,131,0,3,3,94,0,0,0,0,0,0,0,1,15,0,1194,0,1,0,61,0,0,0,0,0,1592,0,0,3196,0,0,0,0,56,0,0,0,0,0,0,0,16,0,0,0,0,0,0,36555,1,47,0,136,0,121,0,0,0,0,0,14,34,0,0,0,0,0,2,0,0,5,0,0,0,0,0,0,0,36,0,0,0,0,0,0,19,4,0,0,0,0,0,0,0,0,1,0,1890,1,0
ZR7_15,0,0,0,5,1,0,2,0,24,1,0,0,0,4,0,0,0,78888,72,65,131,0,0,0,8388,0,0,0,0,0,0,0,0,4,0,1,0,0,46,0,0,0,0,1014,11,21,0,0,0,0,1,0,1,0,0,0,0,84,0,0,0,0,3,0,0,0,0,3,0,0,0,0,0,0,0,0,0,2150,0,0,4943,0,0,0,0,0,0,0,3404,0,3,0,29,0,0,0,0,0,0,0,0,2015,0,0,0,0,0,0,0,0,0,24,0,0,1493,0,0,0,0,0,1,0,19,0,0,0,0,54,0,0,0,0,0,0,32310,2,0,0,0,0,811,0,0,0,0,0,0,0,0,0,0,0,0,0,1365,0,8014,0,0,0,0,0,0,0,2,0,0,0,0,0,0,953,0,0,0,0,0,0,0,0,0,0,0,126,0,0
ZR7_16,0,0,0,9,0,0,1,0,5,0,0,0,42,1,0,0,0,73640,113,73,586,0,0,0,48,0,13,0,0,0,0,0,0,0,55,2,0,0,3,0,0,0,0,0,153,5,0,0,0,0,0,0,0,0,0,2523,0,577,0,0,0,203,1,0,0,1,0,897,184,0,0,0,0,0,1,0,1,93,0,0,2434,0,0,0,0,0,0,0,2983,0,0,0,0,0,0,1,0,0,676,2,0,114,0,0,0,6,0,0,0,0,0,83,0,0,5179,0,8,0,0,14,1,0,0,0,0,0,0,664,0,0,0,0,0,0,27080,10,1,0,3,0,799,0,0,0,0,0,0,0,0,0,0,0,0,1,200,0,5985,0,0,0,0,0,0,0,5,0,0,0,0,0,0,77,1,0,0,0,0,0,0,0,0,0,0,6357,0,0
ZR7_17,0,0,0,0,0,0,3,0,0,0,0,0,0,0,0,0,0,45876,347,413,9,0,0,0,0,0,0,0,0,0,0,0,0,0,124,1,0,0,2,1,0,0,0,0,6,1,0,1,0,0,2,0,15,0,0,1282,0,111,0,0,0,0,1,0,0,0,0,39853,0,0,0,0,0,0,0,0,0,39,0,2,960,0,1,0,0,0,0,0,2,0,8,0,2,0,0,0,0,0,0,3,0,867,0,0,0,1,0,0,0,0,0,72,0,0,4079,0,0,0,0,79,0,0,0,0,0,0,0,22,0,0,0,0,0,0,9040,8,1,0,0,0,979,0,1,0,0,0,3,0,0,0,0,0,0,0,0,0,69,0,0,0,0,0,0,0,13,0,0,0,0,0,0,26,3,0,0,0,0,0,0,0,0,0,0,28286,0,0
ZR7_18,0,0,0,0,0,2,0,0,4,9,0,0,180,5,0,0,0,41516,4,198,61,0,0,0,609,0,1,0,0,1,0,0,0,1,222,18,5,0,179,0,0,0,0,129,1,183,0,0,0,0,0,0,3,0,0,3,0,267,0,3,0,0,0,0,0,0,0,0,0,0,0,0,0,0,0,863,0,3452,37,0,924,0,0,0,0,0,0,0,10787,0,123159,0,0,0,0,0,0,0,5,1,0,287,0,0,0,1,0,0,0,0,0,29,0,0,1339,1,0,0,0,7,0,0,959,0,0,0,10,3,3,0,0,0,18,0,108,5,0,0,1,0,3819,0,0,0,0,0,38,0,0,0,64,0,0,0,4288,0,4242,436,0,0,0,9,0,0,5,0,0,0,0,0,0,1098,1,0,0,0,0,0,0,0,0,0,0,189,0,0
ZR7_20,0,0,0,0,0,0,0,0,0,230,0,0,1,0,0,0,0,17929,74,1,26,0,0,0,0,0,1,0,0,0,0,0,0,0,19,31,0,0,1,0,0,0,0,0,12,32,0,0,1,0,1,0,0,0,0,4,0,46,0,0,0,0,0,0,0,0,0,2847,1457,0,0,0,0,0,0,0,1,274,0,0,891,0,0,0,0,0,0,0,28381,0,112964,0,0,0,0,0,0,0,0,0,0,118,0,0,0,0,0,0,0,0,0,4,0,0,705,0,0,0,0,4,0,0,0,0,0,0,0,1,0,0,0,0,0,0,2006,2,0,0,0,0,1216,0,0,0,0,0,0,0,0,0,0,0,0,0,0,0,893,0,0,0,0,0,0,0,0,0,0,0,0,0,0,0,0,0,0,0,0,0,0,0,0,0,0,2602,0,0
ZR7_22,2,0,1,794,0,0,0,13,0,0,0,0,41,4,0,0,0,17727,1299,201,71,0,0,0,2120,0,1,0,0,0,0,0,0,7,58,180,0,0,3529,0,0,0,0,2742,4586,106,0,1,1,0,0,0,17,0,0,1,0,75,0,5,0,153,0,0,0,0,0,374,1255,0,0,0,0,0,0,1830,0,1142,0,0,2057,4103,1,0,0,2,0,1,5301,3,90623,0,0,2,0,1,0,0,128,0,0,2811,0,0,0,0,0,12,0,0,0,21,0,0,1052,0,35,0,0,20,0,0,426,0,0,0,5,148,8,0,0,0,0,0,104,5,2,0,3,0,3180,0,0,0,0,4,167,0,0,0,0,0,0,1,2353,0,13141,0,0,0,0,0,0,0,1,0,0,0,0,0,0,3336,0,0,0,0,18,0,0,23,0,0,0,15,11,0
ZR7_6,6,0,0,0,0,2,4,28,285,170,2,1,774,1,0,1,0,96215,15,91,192,0,0,0,172,0,2,0,0,0,0,0,0,1,11,177,215,0,186,0,5,0,0,231,3016,162,0,1,0,0,1,0,0,0,0,142,0,5873,0,0,0,164,0,1,0,12,0,0,0,0,0,0,0,0,8,500,1,697,4,0,1182,181,6,0,0,3,0,0,6043,14,145,0,0,0,0,0,0,0,2599,1,0,5872,0,2,0,3,0,1,4,0,0,721,0,0,6791,1,0,0,0,10,0,0,1228,0,0,0,55,131,4,0,0,0,0,0,2779,155,4,0,5,0,7682,0,0,0,0,0,19,0,0,2,2,0,0,0,732,2,11694,13,0,0,0,48,0,0,24,0,0,0,0,1,0,1645,2,0,0,0,2,9,0,1,0,0,0,2100,69,0
ZR7_7,1,0,6,0,0,68,153,0,1127,5,0,0,53,0,0,1,0,28600,3,24,269,0,0,0,3,0,228,0,0,40,0,0,0,0,20,19,0,0,22,6,0,0,0,0,10,999,0,1,80,0,2,1,0,0,0,3586,0,31630,0,2,15,2074,0,0,68,951,0,3,4,0,0,0,1,0,402,62,2,261,0,0,328,0,0,0,0,0,1,0,552,7,346,0,0,0,0,1,0,0,2083,9,0,2375,0,3,0,175,0,2,0,0,0,1206,0,0,993,2,0,1,0,26,0,0,0,0,0,0,0,1249,0,0,0,0,0,0,32635,51,0,0,76,0,3233,0,0,0,0,7,0,0,0,0,0,0,0,0,23,0,11043,0,0,0,0,0,0,0,246,0,0,0,2,1,0,514,10,0,0,0,0,0,0,33,0,0,0,31768,9,0
ZR7_8,0,0,0,0,0,13,0,0,14,1205,0,0,34,2,0,0,0,51187,783,177,549,0,1,0,233,0,8,0,0,0,0,0,0,3,468,10,0,0,36,0,0,0,0,0,4,82,0,0,0,0,0,0,1,0,0,1258,0,1102,0,4,0,1952,0,0,1,1,0,1,2,0,0,0,0,0,7,270,0,1248,51,0,1777,0,0,0,0,0,0,0,12816,0,29290,0,0,0,0,6,0,0,1296,0,0,281,0,0,0,0,0,1,0,0,0,91,0,0,5481,0,0,0,0,0,0,0,0,0,0,0,10,2,0,0,0,0,0,0,157,8,0,0,0,0,4669,0,0,0,0,0,0,0,0,0,0,0,0,0,149,0,1088,0,0,0,0,0,0,0,3,0,0,0,0,0,0,1064,1,0,0,0,0,0,0,0,0,0,0,7738,0,0
ZR7_9,0,0,0,569,0,0,1,0,3,0,0,0,0,11,0,0,0,26458,6,64,1572,0,0,0,0,0,1,0,0,0,0,0,0,0,553,20,12,0,6,0,0,0,0,0,1,307,0,0,0,0,1,0,17,0,0,8,0,504,0,0,0,0,0,0,0,1,0,1641,94,0,0,0,0,0,4,0,0,156,0,0,2560,244,0,0,0,0,1,0,8967,4,97690,0,0,0,1,1,0,0,0,0,0,3345,0,0,0,2,0,0,0,0,0,197,0,0,3726,0,0,1,0,7,0,0,0,0,0,0,0,248,2,0,0,0,0,0,3237,10,1,0,1,0,9520,0,0,0,0,0,0,0,0,0,0,0,0,0,225,2,9041,0,0,0,0,0,0,0,11,0,0,0,0,0,0,422,0,0,0,0,0,0,0,0,0,0,0,264,0,0
ZR8_48,2,0,0,1,1,0,4,11,3,4746,0,0,14,4,0,0,0,24989,11,401,146,0,0,0,8,0,1,0,0,0,0,0,0,0,2511,149,0,0,13,1,0,0,0,6,5,104,0,13,0,0,5,2,0,0,0,12,0,11667,1,0,0,20,360,5,0,0,0,53288,2,0,0,0,1,0,2,114,1,102,0,0,920,4,0,0,0,0,0,0,2082,6,46,0,2,1,0,0,0,0,13,0,0,1218,0,0,0,0,0,0,0,0,0,178,0,0,813,0,8,0,0,11,0,0,2,0,0,0,0,1427,0,0,0,0,0,0,7446,8,0,0,2,0,1229,0,0,0,0,15,4,0,0,0,0,0,0,0,130,0,3479,5587,0,0,0,3,0,0,3,0,0,0,0,0,0,172,0,0,0,0,0,0,0,2,1,0,0,707,0,0
ZR8_51,0,1,0,0,0,0,5,2,0,1,0,0,55,11,0,3,0,39280,39,335,105,0,0,0,679,0,0,0,0,0,0,0,0,10,109,105,4,0,127,1,5,0,0,1549,1599,63,0,0,0,0,0,1,2,0,0,3,0,318,0,7,0,70,5,0,0,0,0,9,5546,0,0,0,0,0,0,736,0,2030,134,0,6778,1403,0,0,0,0,0,0,622,0,39148,0,1,5,0,0,0,0,238,2,0,369,0,0,0,1,0,0,0,0,0,37,0,0,2077,0,45,0,0,8,0,0,3540,0,0,0,37,309,3,0,0,0,0,0,2483,7,0,0,1,0,1978,0,0,0,0,0,94,0,0,0,18,0,0,0,641,0,6129,229,0,0,0,8,0,0,1,0,0,0,0,0,0,941,1,0,0,3,0,0,0,0,0,0,0,109,0,0
ZR9_1,0,0,0,0,0,0,0,0,0,2,0,0,1,0,0,1,0,199,0,0,37,0,0,0,21,0,3,0,0,0,24,0,0,0,6,5,0,0,207,0,2,0,0,111,754,49,0,0,0,0,0,0,1,0,0,1,0,96,0,0,0,757,0,0,0,18,0,1,0,0,33,0,0,0,1,19,0,228,4,0,48,94,0,0,0,0,0,0,866,3,59187,0,1,0,0,0,0,0,120,2,0,244,0,1,0,8,0,2,0,0,0,273,0,5094,807,0,16,0,0,0,0,0,1,0,0,0,1,164,56,0,0,19,0,0,56,3,0,0,0,0,738,0,3,0,0,1,10,0,25,0,15,0,0,0,11,0,3287,447,0,0,0,1,0,0,1,0,0,0,0,5,0,878,0,0,0,0,0,1,0,21,0,0,0,12260,0,0
ZR9_10,0,0,0,0,0,3,0,0,11,5,0,0,61,0,0,0,0,11133,2,80,93,0,0,0,36,0,1,0,0,0,0,0,0,0,151,33,1,0,23,0,0,0,0,0,0,400,0,0,0,0,0,0,0,0,0,2876,0,233,0,0,0,536,6,0,0,0,0,1146,0,0,0,0,0,0,1,82,0,382,0,0,251,1002,0,0,0,0,0,0,7862,0,33973,0,0,1,0,0,0,0,1134,0,0,628,0,0,0,0,0,0,0,0,0,26,0,0,324,0,0,0,0,0,0,0,5,0,0,0,0,389,0,0,0,0,0,0,2,26,0,0,0,0,8954,0,0,0,0,0,15,0,0,0,1,0,0,0,27,0,5993,253,0,0,0,0,0,0,1,0,0,0,0,0,0,1178,1,0,0,0,0,1,0,0,0,0,0,81,0,0
ZR9_11,0,0,0,0,0,0,3,3,0,502,0,0,401,2,0,0,0,32874,2,18,142,0,0,0,0,0,0,0,0,0,0,0,0,1,271,0,0,0,30,0,0,0,0,1,0,55,0,0,0,0,0,0,0,0,0,0,0,64,0,0,0,111,0,0,0,0,0,1,0,0,0,0,0,0,1,867,1,614,0,0,461,0,0,0,0,0,0,0,3636,0,29,0,0,0,0,0,0,0,7,0,0,2283,0,0,0,1,0,0,0,0,0,4,0,0,706,0,31,0,0,4,0,0,2225,0,0,0,6,278,0,0,0,0,0,0,608,7,0,0,0,0,1889,0,0,0,0,1,106,0,0,0,1,0,0,0,1726,0,5761,80,0,0,0,0,0,3,1,0,0,0,0,0,0,3076,0,0,0,0,0,4,0,6,44,0,0,8,0,0
ZR9_12,0,0,0,0,0,0,1,0,1,24,0,0,1,1,0,0,0,10964,43,0,396,0,0,0,16,0,1,0,0,0,0,0,0,0,7128,0,0,0,3,0,0,0,0,25,4,4039,0,1,0,3,0,0,0,0,0,2114,0,619,0,2,0,2,1,0,0,0,0,6,1,0,0,0,2,0,0,13,1,13,0,0,376,258,1,0,0,0,2,0,2989,0,28,0,0,1,0,4,0,0,1,0,0,41128,0,0,0,2,0,1,0,27,0,82,0,1,3,0,1,0,0,32,1,0,1,0,0,0,0,10738,0,0,0,0,0,0,9728,295,3,0,2,0,1588,0,0,0,0,3,0,0,0,0,0,0,0,0,10,0,1162,0,0,0,0,0,0,0,6,0,0,0,0,0,0,9,17,0,0,0,0,0,0,5,0,0,0,2935,0,0
ZR9_13,0,0,0,13,0,0,1,0,0,44,0,0,192,0,0,0,0,22461,424,817,258,0,0,0,0,0,1,0,0,0,0,0,0,0,866,89,0,0,22,0,0,0,0,2,7,496,0,4,0,0,0,0,4,0,0,18,0,621,0,0,0,2015,1,0,0,2,0,13,3,0,0,0,0,0,2,201,1,206,0,0,2451,2,1,0,0,0,0,0,7398,1,76,0,0,0,0,0,0,0,8645,0,0,1395,0,0,0,2,0,0,0,0,0,33,0,0,365,1,0,0,0,3,0,0,15,0,0,0,0,1600,1,0,0,0,0,0,43,28,5,0,4,0,7684,0,0,0,0,0,0,0,0,0,0,0,0,0,288,0,11019,30,0,0,0,0,0,0,10,2,0,0,0,0,0,760,0,0,0,0,0,0,0,11,0,1,0,736,0,0
ZR9_14,0,0,0,4,0,0,2,22,0,249,1,0,29,2,0,0,0,39910,95,1084,271,0,0,0,1246,0,1,0,0,0,0,0,0,3,46,228,0,0,91,0,0,0,0,1,166,371,0,4,0,0,0,0,0,0,0,1,0,6,0,1,0,28,2,0,0,0,0,553,4482,0,0,0,0,0,0,607,2,1372,191,0,2390,1014,1,0,0,0,1,0,4138,0,53,0,0,0,0,0,0,0,11,1,0,2015,0,0,0,0,0,0,0,0,0,30,0,0,2386,0,0,0,0,14,0,0,3127,0,0,0,32,49,0,0,0,0,0,0,612,10,2,0,0,0,1139,0,0,0,0,3,48,0,0,0,0,0,0,0,4108,0,3690,1,0,0,0,0,0,0,0,0,0,0,0,0,0,303,1,0,0,0,0,0,0,0,0,0,0,130,0,0
ZR9_15,1,0,0,0,0,0,0,0,0,0,0,0,45,10,0,0,0,14646,251,134,280,0,0,0,759,0,9,0,0,0,0,0,0,0,29,13,0,0,52,0,1,0,0,209,3,63,0,1,0,0,0,0,0,0,0,36,0,10,0,0,0,194,1,0,0,0,0,6,11,0,0,0,0,0,0,859,0,1312,7,0,1168,0,2,0,0,0,0,0,8689,1,34940,0,0,0,0,0,3,0,33,0,0,994,0,0,0,0,0,0,0,0,0,11,0,0,982,0,1,0,0,0,0,0,1071,0,0,0,8,125,0,0,0,17,0,0,406,9,0,0,0,0,1443,0,0,0,0,0,16,0,0,0,33,0,0,0,1307,0,7887,1105,0,0,0,1,0,0,1,0,0,0,0,0,0,579,0,0,0,0,1,5,0,1,1,0,0,0,10,0
ZR9_16,0,0,0,0,0,2,1,0,17,2,0,0,178,3,0,0,0,2353,10,102,141,0,0,0,25,0,1,0,0,0,0,0,0,1,149,16,3,0,808,0,4,0,0,65,1333,345,0,0,0,0,1,0,21,0,0,1,0,1345,0,0,0,611,18,0,1,0,0,3,0,0,0,0,0,0,2,34,0,657,27,0,266,0,0,0,0,0,0,0,683,1,49491,0,0,0,0,1,0,0,292,2,0,604,0,0,0,2,0,0,0,0,0,89,0,0,803,0,116,0,0,3,0,0,30,0,0,0,21,302,13,0,0,0,0,380,63,14,0,0,3,0,11569,0,0,0,0,0,77,0,0,0,45,0,0,0,59,0,10876,1292,0,0,0,0,0,0,1,0,0,0,0,3,0,1235,0,0,0,0,0,1,0,0,546,0,0,91,0,0
ZR9_17,0,0,0,0,0,0,1,0,1,3,0,0,528,2,0,0,0,55820,58,446,120,0,0,0,167,0,5,0,0,0,0,0,0,1,70,11,0,0,143,0,0,0,0,21,1,108,0,0,0,0,0,0,3,0,0,1,0,282,0,3,0,137,2,0,0,0,0,148,0,0,0,0,0,0,0,72,0,224,3,0,885,0,0,0,0,0,0,0,5814,0,14608,0,0,0,0,58,0,0,271,0,0,394,0,0,0,1,0,0,0,0,0,19,0,0,2822,0,551,0,0,2,0,0,49,0,0,0,2,218,0,0,0,0,0,0,1475,2,0,0,0,0,9522,0,0,0,0,0,2,0,0,0,0,0,0,0,75,0,4999,3,0,0,0,9,0,0,1,0,0,0,0,0,0,999,0,0,0,0,0,0,0,1,0,0,0,220,0,0
ZR9_18,0,0,0,0,0,0,0,1,0,4,0,0,146,2,0,0,0,36917,1,233,70,0,0,0,93,0,0,0,0,0,0,0,1,4,92,90,0,0,9,0,0,0,0,3759,148,66,0,0,0,0,0,0,9,0,0,2,0,0,0,0,0,256,0,0,0,1,0,27707,1197,0,0,0,0,0,1,128,0,206,2,0,971,0,0,0,0,0,0,0,13678,0,19,0,0,1,0,4,0,0,475,0,0,649,0,0,0,0,0,0,0,0,0,6,1,0,667,0,0,0,0,4,0,0,783,0,0,0,0,14,4,0,0,0,0,0,6472,3,0,0,1,0,478,0,0,0,0,0,5,0,0,0,0,0,0,0,268,0,1286,293,0,0,0,4,0,0,4,0,0,0,0,0,0,282,0,0,0,0,0,0,0,0,0,0,0,9,0,0
ZR9_19,0,0,0,0,0,0,1,4,0,6,0,0,282,1,0,0,0,60780,9,183,964,0,0,0,386,0,1,0,0,0,0,0,0,0,318,34,36,2,83,0,0,0,0,29,0,215,0,2,0,0,0,0,1,0,0,3207,0,135,0,0,0,609,0,0,1,0,0,12464,0,0,0,0,1,0,0,864,0,1012,5,0,873,0,0,0,0,0,0,0,20096,0,26113,0,0,0,0,23,0,0,751,0,0,420,0,0,0,0,0,0,0,0,0,14,0,0,2724,0,0,0,0,2,0,0,621,0,0,0,12,65,154,0,0,0,0,0,78,34,0,0,0,0,9146,0,0,0,0,0,23,0,0,0,4,0,0,0,296,0,7876,0,0,0,0,4,0,0,0,0,0,0,0,0,0,1037,0,0,0,0,0,0,0,3,0,0,0,81,0,0
ZR9_2,0,0,0,0,0,0,0,1,1,7,0,0,286,0,0,0,0,13560,0,38,47,0,0,0,11,0,0,0,0,0,0,0,0,1,50,223,0,0,650,0,0,0,0,27,0,329,0,0,0,0,0,0,6,0,0,0,0,57,0,1,0,126,0,0,0,0,0,1124,1,0,0,0,0,0,0,28,0,192,3,0,386,895,0,0,0,0,0,0,9419,0,14565,0,0,0,0,0,0,0,999,0,0,189,0,0,0,4,0,0,0,0,0,7,0,1,126,0,2,0,0,0,0,0,49,0,0,0,1,140,1,0,0,0,2,0,9,14,1,0,1,0,4488,0,0,0,0,0,5,0,0,0,1,0,0,0,117,0,2677,9,0,0,0,0,0,0,1,0,0,0,0,0,0,156,0,0,0,0,0,0,0,4,0,0,0,139,0,0
ZR9_20,0,2,0,0,0,0,5,0,0,330,0,0,607,1,0,1,0,62714,17,0,983,0,0,1,142,0,2,0,0,0,0,0,26,0,914,22,1,0,83,0,0,1,0,1,1,305,0,2,0,0,0,0,0,0,0,35,0,1534,0,7,0,283,150,11,0,0,0,97,0,0,0,0,0,1,1,2,1,835,0,0,327,0,0,0,0,0,0,0,40828,0,92,0,0,0,0,0,0,0,18,0,0,4262,0,0,0,0,0,0,4,1,0,21,0,0,31,0,0,0,0,7,0,1,846,0,1,1,7,2939,0,0,0,0,0,0,312,24,47,0,0,0,12944,0,0,0,0,0,66,0,0,0,28,0,0,0,810,0,11516,16,0,0,0,0,0,0,19,25,0,0,0,3,0,682,0,0,0,1,5,0,0,0,1,0,0,103,0,3
ZR9_21,0,1,0,0,0,0,0,0,0,12733,0,0,13,10,0,0,0,78054,5,80,396,0,0,0,0,0,0,0,0,0,0,0,5,0,0,0,0,0,89,0,0,0,0,0,1434,38,0,6,0,0,0,0,14,0,0,4,0,2,1,11,0,1,51,4,0,0,0,44,0,0,0,0,0,0,0,394,0,2549,0,0,348,0,0,0,0,0,0,0,7,0,26,0,0,138,0,0,0,0,25,0,0,155,0,0,0,1,0,0,1,1,0,1,0,0,344,0,0,0,0,1,0,0,76,0,0,0,0,12,1,0,0,0,0,0,121,48,27,0,0,0,1566,0,0,0,0,0,46,0,0,0,0,0,0,0,194,0,3268,7,0,0,0,0,0,0,0,13,0,0,0,5,0,458,0,0,0,721,0,0,0,0,0,0,0,15,0,2
ZR9_3,0,0,0,0,0,0,0,1,0,1462,0,0,11,4,0,1,0,1111,1,144,134,0,0,0,362,0,0,0,0,0,0,0,0,0,25,56,0,0,298,2,46,0,0,883,7087,192,0,0,0,0,0,0,89,0,0,88,0,131,0,0,0,330,0,1,0,0,0,1,0,0,0,0,0,0,0,209,1,1518,14,0,1624,195,0,0,0,0,0,0,5918,0,82791,0,0,0,0,2,2,0,312,1,0,355,0,1,0,0,0,0,0,0,0,22,0,2,1361,0,10,0,0,2,0,0,39,0,0,0,113,245,8,0,0,127,0,0,349,8,3,0,1,0,926,0,0,0,0,0,13,0,55,0,48,0,0,0,72,0,10493,1130,0,0,0,46,0,0,1,0,0,1,0,6,0,1118,0,0,0,0,1,25,0,1,0,0,0,436,0,0
ZR9_4,0,0,0,0,0,0,1,6,5,16,0,0,74,1,0,0,0,22450,148,820,200,0,0,0,90,0,0,0,0,0,0,0,0,3,142,137,20,0,61,0,2,0,0,299,1601,113,0,0,0,0,0,0,0,0,0,1,0,108,0,0,0,16,1,1,0,0,0,3,0,0,321,0,0,0,0,159,0,210,41,0,1181,1,0,0,0,0,0,0,5226,0,67,0,0,0,0,0,0,0,45,0,0,441,0,0,0,1,0,0,0,0,0,27,0,2,428,0,0,0,0,7,4,0,809,0,0,0,8,925,21,0,0,0,0,0,2448,7,2,4,0,3,624,0,0,0,0,3,19,0,0,0,1,0,0,0,1967,0,4085,11,0,0,0,3,0,0,2,0,0,0,0,0,0,1899,0,0,0,0,0,1,0,297,0,0,0,1599,0,0
ZR9_5,0,0,1,2,0,0,0,0,0,70,0,0,139,2,0,0,0,46297,3,250,821,0,0,0,0,0,6,0,0,0,0,0,0,0,203,1,0,17,5,0,0,0,0,6,0,579,0,1,0,0,0,0,0,0,0,7290,0,144,0,0,0,363,0,0,0,0,0,2,0,0,0,0,0,0,0,1,1,52,0,0,592,0,0,0,0,0,0,0,19,0,112,0,0,2,0,9,0,0,110,0,0,625,0,2,0,370,0,0,0,0,0,16,0,0,56,0,7,0,0,4,0,0,0,0,0,2,1,3207,0,0,0,0,0,0,1093,11,6,0,0,0,3957,0,0,0,0,0,0,0,0,0,0,0,0,0,1,0,2893,45,0,0,0,0,0,0,1,0,0,0,0,0,0,123,0,0,0,0,0,0,0,7,0,0,0,296,0,0
ZR9_6,0,0,0,0,0,0,3,0,1,10,0,0,44,3,0,0,0,61793,0,4,413,0,0,0,6,0,0,0,0,0,0,0,0,0,93,0,0,0,1,0,0,0,0,1,2,392,0,2,0,0,0,0,0,0,0,983,0,1416,0,0,0,299,0,0,0,0,0,0,0,0,0,0,0,1,0,3,0,49,1,0,394,0,0,0,0,0,0,0,6,0,74,0,0,0,0,0,0,0,347,0,0,521,0,0,0,2,0,0,0,0,0,465,0,1,10297,0,6,0,0,14,0,0,0,0,0,0,1,1076,0,0,0,0,0,0,4405,9,3,0,2,0,1495,0,0,0,0,1,0,0,0,0,0,0,0,2,5,0,2403,4,0,0,0,0,0,0,3,0,0,0,0,0,0,37,13,0,0,0,0,0,0,4,0,0,0,568,0,0
ZR9_7,0,0,0,0,0,0,1,1,0,1813,0,0,531,2,0,0,0,13991,0,241,136,0,0,0,97,0,0,0,0,0,5,0,0,1,160,1,0,0,372,0,5,0,0,2,0,40,0,1,0,0,0,0,0,0,0,4,0,75,0,0,0,101,0,0,0,0,0,1,3,0,0,0,0,0,0,56,0,406,32,0,1072,1,0,0,0,0,0,0,8779,0,34629,0,0,0,0,0,0,0,933,0,0,289,0,0,0,0,0,0,0,0,0,14,0,0,125,0,33,0,0,5,0,0,323,0,1,0,28,119,1,0,0,0,0,0,10,27,0,0,0,0,4422,0,0,0,0,0,6,0,0,0,67,0,0,0,224,2,4193,175,0,0,0,0,0,0,0,0,0,0,0,0,0,667,0,0,0,0,0,1,0,1,0,0,0,44,0,0
ZR9_8,0,0,0,0,0,0,0,0,8,10,0,0,0,0,0,0,0,39334,2,0,16,0,0,0,25,0,0,0,0,0,0,0,0,0,24,0,0,0,0,0,0,1,0,0,4,69,0,1,0,0,0,0,0,0,0,8170,0,89,0,0,0,0,1,0,0,0,0,3,1,0,0,0,0,0,0,1,0,110,0,0,831,0,0,0,0,0,0,0,26120,0,31,0,0,2,0,2,0,0,0,0,0,461,0,0,0,4,0,0,0,0,0,7,0,0,247,0,0,0,0,19,0,0,0,0,0,0,0,240,0,0,0,0,0,0,12952,17,0,0,0,0,792,0,0,0,0,0,0,0,0,0,0,0,0,0,34,1,4473,3,0,0,0,0,0,0,1,0,2,0,0,0,0,10,0,0,0,0,0,0,0,2,0,0,0,642,0,0
ZR9_9,0,0,0,210,0,0,0,0,0,15,0,0,292,6,0,0,0,28042,207,136,187,0,0,0,213,0,0,0,0,0,0,0,0,1,148,51,0,5,30,0,0,0,0,1,170,44,0,4,0,0,0,0,0,0,0,255,0,33,0,2,0,519,0,0,0,0,0,2,5715,0,20,0,0,3,0,732,0,867,0,0,974,0,5,0,0,0,0,0,8275,0,24,0,0,0,0,0,0,0,579,1,0,935,0,0,0,0,0,0,0,0,0,8,0,0,1410,0,0,0,0,2,0,0,843,0,0,0,9,119,2,0,0,0,0,0,643,29,0,0,0,0,423,0,0,0,0,1,0,0,0,0,0,0,0,0,3384,0,1610,186,0,0,0,0,0,0,3,1,0,0,0,0,0,423,0,0,0,0,0,0,0,31,0,0,0,134,0,0
